,RowNumber,CustomerId,CreditScore,Age,Tenure,Balance,NumOfProducts,HasCrCard,IsActiveMember,EstimatedSalary,Exited
count,10000.0,10000.0,10000.0,10000.0,10000.0,10000.0,10000.0,10000.0,10000.0,10000.0,10000.0
mean,5000.5,15690940.5694,650.5288,38.9218,5.0128,76485.889288,1.5302,0.7055,0.5151,100090.239881,0.2037
std,2886.8956799071675,71936.1861227489,96.65329873613035,10.487806451704609,2.8921743770496837,62397.405202385955,0.5816543579989906,0.4558404644751333,0.49979692845891893,57510.49281769816,0.4027685839948609
min,1.0,15565701.0,350.0,18.0,0.0,0.0,1.0,0.0,0.0,11.58,0.0
25%,2500.75,15628528.25,584.0,32.0,3.0,0.0,1.0,0.0,0.0,51002.11,0.0
50%,5000.5,15690738.0,652.0,37.0,5.0,97198.54000000001,1.0,1.0,1.0,100193.915,0.0
75%,7500.25,15753233.75,718.0,44.0,7.0,127644.24,2.0,1.0,1.0,149388.2475,0.0
max,10000.0,15815690.0,850.0,92.0,10.0,250898.09,4.0,1.0,1.0,199992.48,1.0
